{"cameraMode":{"drawMode":0,"name":"Shaded","section":"Shading Mode"},"sceneLighting":true,"audioPlay":false,"sceneViewState":{"m_AlwaysRefresh":false,"showFog":true,"showSkybox":true,"showFlares":true,"showImageEffects":true,"showParticleSystems":true,"showVisualEffectGraphs":true,"m_FxEnabled":true},"in2DMode":false,"pivot":{"x":5.356437683105469,"y":3.0962069034576418,"z":-1.0119514465332032},"rotation":{"x":-0.3412260115146637,"y":-0.02310093864798546,"z":0.008417599834501744,"w":-0.9397279620170593},"size":2.6637723445892336,"orthographic":true}